identifier	function	contig	start	stop	position	rank	my_status	pp	Final_status	start of attL	end of attL	start of attR	end of attR	sequence of attL	sequence of attR	Reason for att site
FDE89_RS15735	type VI secretion system ATPase TssH	NZ_CP040048.1	408	68	0	0.00125	0	0	0
FDE89_RS15740	peptidoglycan DD-metalloendopeptidase family protein	NZ_CP040048.1	647	1453	1	0.001411764705882353	0	0	0
FDE89_RS15745	GNAT family N-acetyltransferase	NZ_CP040048.1	1875	1450	2	0.0013333333333333333	0	0	0
FDE89_RS15750	OsmC family protein	NZ_CP040048.1	2389	1967	3	0.0012631578947368421	0	0	0
FDE89_RS15755	cAMP-activated global transcriptional regulator CRP	NZ_CP040048.1	2828	3493	4	0.0012000000000000001	0	0	0
FDE89_RS15760	NADP(H)-dependent aldo-keto reductase	NZ_CP040048.1	3848	4897	5	0.001142857142857143	0	0	0
FDE89_RS15765	M48 family metallopeptidase	NZ_CP040048.1	5736	4957	6	0.001090909090909091	0	0	0
FDE89_RS15770	hypothetical protein	NZ_CP040048.1	6170	5853	7	0.0010434782608695653	0	0.5	0
FDE89_RS15775	adenylosuccinate synthase	NZ_CP040048.1	7612	6293	8	0.001	0	0	0
FDE89_RS15780	ATP phosphoribosyltransferase regulatory subunit	NZ_CP040048.1	8843	7677	9	0.00096	0	0	0
FDE89_RS15785	type I glyceraldehyde-3-phosphate dehydrogenase	NZ_CP040048.1	10144	9119	10	0.0009230769230769231	0	0	0
FDE89_RS15790	alanine--tRNA ligase	NZ_CP040048.1	10414	13050	11	0.0008888888888888889	0	0	0
FDE89_RS15795	aspartate kinase	NZ_CP040048.1	13116	14396	12	0.0008571428571428572	0	0	0
FDE89_RS15800	carbon storage regulator CsrA	NZ_CP040048.1	14643	14897	13	0.0008275862068965517	0	0	0
FDE89_RS15805	ribonuclease HII	NZ_CP040048.1	15532	14966	14	0.0008	0	0	0
FDE89_RS15810	hypothetical protein	NZ_CP040048.1	15987	15598	15	0.0008	0	0.5	0
FDE89_RS15815	cytochrome b	NZ_CP040048.1	16226	16783	16	0.0007333333333333334	0	0	0
FDE89_RS15820	adenosine deaminase	NZ_CP040048.1	17823	16825	17	0.0007333333333333334	0	0	0
FDE89_RS15825	NCS2 family permease	NZ_CP040048.1	19254	17935	18	0.0006666666666666666	0	0	0
FDE89_RS15830	hypothetical protein	NZ_CP040048.1	19773	19549	19	0.0006666666666666666	0	0.5	0
FDE89_RS15835	NAD(P)/FAD-dependent oxidoreductase	NZ_CP040048.1	21722	20172	20	0.0006000000000000001	0	0	0
FDE89_RS15840	SDR family NAD(P)-dependent oxidoreductase	NZ_CP040048.1	22576	21746	21	0.0006000000000000001	0	0	0
FDE89_RS15845	metal-dependent hydrolase	NZ_CP040048.1	23604	22642	22	0.00046666666666666666	0	0	0
FDE89_RS15850	pirin family protein	NZ_CP040048.1	24115	24837	23	0.0004	0	0	0
FDE89_RS15855	TetR/AcrR family transcriptional regulator	NZ_CP040048.1	25525	24902	24	0.0004	0	0	0
FDE89_RS15865	IS6-like element IS26 family transposase	NZ_CP040048.1	26287	25585	25	0.0003333333333333333	0	0.75	0
FDE89_RS15870	aminoglycoside O-phosphotransferase APH(3')-Ia	NZ_CP040048.1	26417	27232	26	0.0003333333333333333	0	0	0
FDE89_RS15875	hypothetical protein	NZ_CP040048.1	27565	27386	27	0.0003333333333333333	0	0.5	0
FDE89_RS15880	IS6 family transposase	NZ_CP040048.1	28334	27657	28	0.0003333333333333333	0	0.75	0
FDE89_RS15885	IS6-like element IS26 family transposase	NZ_CP040048.1	29078	28374	29	0.0002666666666666667	0	0.75	0
FDE89_RS15890	M48 family metalloprotease	NZ_CP040048.1	29143	29514	30	0.00013333333333333334	0	0	0
FDE89_RS15900	NADPH-dependent 2,4-dienoyl-CoA reductase	NZ_CP040048.1	31884	29854	31	0.0	0	0	0
FDE89_RS15905	argininosuccinate synthase	NZ_CP040048.1	32150	33508	32	6.666666666666667e-05	0	0	0
FDE89_RS15910	GGDEF domain-containing protein	NZ_CP040048.1	34829	33567	33	6.666666666666667e-05	0	0	0
FDE89_RS15915	dihydroorotase	NZ_CP040048.1	34979	36013	34	6.666666666666667e-05	0	0	0
FDE89_RS15920	ribonuclease T	NZ_CP040048.1	35998	36661	35	6.666666666666667e-05	0	0	0
FDE89_RS15930	TonB-dependent receptor	NZ_CP040048.1	36939	39053	36	6.666666666666667e-05	0	0	0
FDE89_RS15935	NADH:flavin oxidoreductase/NADH oxidase family protein	NZ_CP040048.1	40356	39112	37	6.666666666666667e-05	0	0	0
FDE89_RS15940	ABC transporter ATP-binding protein	NZ_CP040048.1	42131	40542	38	6.666666666666667e-05	0	0	0
FDE89_RS15945	ABC transporter permease	NZ_CP040048.1	43119	42109	39	6.666666666666667e-05	0	0	0
FDE89_RS15950	microcin C ABC transporter permease YejB	NZ_CP040048.1	44171	43119	40	6.666666666666667e-05	0	0	0
FDE89_RS15955	extracellular solute-binding protein	NZ_CP040048.1	45913	44201	41	0.0002666666666666667	0	0	0
FDE89_RS15960	LysM peptidoglycan-binding domain-containing protein	NZ_CP040048.1	49267	46052	42	0.0002666666666666667	0	0	0
FDE89_RS15965	DNA polymerase III subunit epsilon	NZ_CP040048.1	49500	50879	43	0.0002666666666666667	0	0	0
FDE89_RS15970	chemotaxis protein	NZ_CP040048.1	51014	52658	44	0.0002666666666666667	0	0	0
FDE89_RS15975	NAD(+) diphosphatase	NZ_CP040048.1	52658	53401	45	0.0002666666666666667	0	0	0
FDE89_RS15980	alpha/beta hydrolase	NZ_CP040048.1	54287	53424	46	0.00046666666666666666	0	0	0
FDE89_RS15985	BON domain-containing protein	NZ_CP040048.1	54998	54291	47	0.0010666666666666667	0	0	0
FDE89_RS15990	YraN family protein	NZ_CP040048.1	55480	55079	48	0.0021333333333333334	0	0.5	0
FDE89_RS15995	16S rRNA (cytidine(1402)-2'-O)-methyltransferase	NZ_CP040048.1	55674	56510	49	0.0042	0	0	0
FDE89_RS16000	hypothetical protein	NZ_CP040048.1	56604	56990	50	0.0071333333333333335	0	0.5	0
FDE89_RS16005	LysR family transcriptional regulator ArgP	NZ_CP040048.1	57883	56993	51	0.012666666666666666	0	0	0
FDE89_RS16010	LysE/ArgO family amino acid transporter	NZ_CP040048.1	57991	58593	52	0.018400000000000003	0	0	0
FDE89_RS16015	cation diffusion facilitator family transporter	NZ_CP040048.1	59293	58652	53	0.022533333333333336	0	0	0
FDE89_RS16020	MerR family transcriptional regulator	NZ_CP040048.1	59359	59760	54	0.02926666666666667	0	0	0
FDE89_RS16025	hypothetical protein	NZ_CP040048.1	60066	59815	55	0.039733333333333336	0	0.5	0
FDE89_RS16030	FAD-dependent monooxygenase	NZ_CP040048.1	61508	60276	56	0.04700000000000001	0	0	0
FDE89_RS16035	FAD-dependent monooxygenase	NZ_CP040048.1	62713	61505	57	0.055066666666666673	0	0	0
FDE89_RS16040	Xaa-Pro aminopeptidase	NZ_CP040048.1	64067	62745	58	0.06693333333333333	0	0	0
FDE89_RS16045	UPF0149 family protein	NZ_CP040048.1	64764	64135	59	0.09240000000000001	0	0	0
FDE89_RS16050	hypothetical protein	NZ_CP040048.1	64829	65389	60	0.11266666666666668	0	0.5	0
FDE89_RS16055	cell division protein ZapA	NZ_CP040048.1	65386	65670	61	0.1332	0	0	0
FDE89_RS16065	integrase family protein	NZ_CP040048.1	66098	67471	62	0.1542	0	1.5	0
FDE89_RS16070	hypothetical protein	NZ_CP040048.1	67561	68049	63	0.1734	0	0.5	0
FDE89_RS16075	phosphoethanolamine--lipid A transferase	NZ_CP040048.1	70005	68360	64	0.19413333333333332	0	0	0
FDE89_RS16080	IS4 family transposase	NZ_CP040048.1	70095	71113	65	0.2092	0	0.75	0
FDE89_RS16090	TonB-dependent receptor	NZ_CP040048.1	73557	71239	66	0.22206666666666666	0	0	0
FDE89_RS16095	N-acetylmuramidase	NZ_CP040048.1	74584	74039	67	0.25266666666666665	0	0	0
FDE89_RS16100	hypothetical protein	NZ_CP040048.1	75015	74626	68	0.2826	0	0.5	0
FDE89_RS16105	hypothetical protein	NZ_CP040048.1	78508	75083	69	0.3114	0	0.5	0
FDE89_RS16110	hypothetical protein	NZ_CP040048.1	78863	78501	70	0.34026666666666666	0	0.5	0
FDE89_RS16115	DUF1833 family protein	NZ_CP040048.1	79366	78860	71	0.3717333333333333	0	0	0
FDE89_RS16120	hypothetical protein	NZ_CP040048.1	79764	79366	72	0.40306666666666663	0	0.5	0
FDE89_RS16125	hypothetical protein	NZ_CP040048.1	80444	79857	73	0.4324666666666666	0	0.5	0
FDE89_RS16130	tape measure protein	NZ_CP040048.1	84845	80535	74	0.46519999999999995	0	1	1	79780	79792	110564	110576	AATAAAAAACCA	TGGTTTTTTATT	Longest Repeat flanking phage and within 2000 bp
FDE89_RS16135	hypothetical protein	NZ_CP040048.1	85235	84972	75	0.48953333333333326	0	0.5	1
FDE89_RS16140	hypothetical protein	NZ_CP040048.1	85917	85237	76	0.5206	0	0.5	1
FDE89_RS16145	helix-turn-helix domain-containing protein	NZ_CP040048.1	86480	86022	77	0.5531333333333334	0	1	1
FDE89_RS16150	DUF4258 domain-containing protein	NZ_CP040048.1	86788	86489	78	0.5852666666666667	0	0	1
FDE89_RS16160	hypothetical protein	NZ_CP040048.1	87806	87291	79	0.6162666666666666	0	0.5	1
FDE89_RS16165	hypothetical protein	NZ_CP040048.1	88793	87876	80	0.6464	1	0.5	1
FDE89_RS16170	hypothetical protein	NZ_CP040048.1	90024	88846	81	0.6739333333333334	1	0.5	1
FDE89_RS16175	hypothetical protein	NZ_CP040048.1	90377	90024	82	0.7014666666666667	1	0.5	1
FDE89_RS16180	SH3 domain-containing protein	NZ_CP040048.1	90995	90474	83	0.7302666666666667	1	0	1
FDE89_RS16185	hypothetical protein	NZ_CP040048.1	91322	91104	84	0.7564	1	0.5	1
FDE89_RS16190	hypothetical protein	NZ_CP040048.1	91767	91324	85	0.7789333333333334	1	0.5	1
FDE89_RS16195	hypothetical protein	NZ_CP040048.1	92092	91724	86	0.8047333333333334	1	0.5	1
FDE89_RS16200	hypothetical protein	NZ_CP040048.1	92474	92064	87	0.8296	1	0.5	1
FDE89_RS16205	hypothetical protein	NZ_CP040048.1	92819	92526	88	0.8507333333333332	1	0.5	1
FDE89_RS16210	hypothetical protein	NZ_CP040048.1	93024	92827	89	0.8584666666666666	1	0.5	1
FDE89_RS16215	hypothetical protein	NZ_CP040048.1	93461	93093	90	0.8715333333333333	1	0.5	1
FDE89_RS16220	hypothetical protein	NZ_CP040048.1	93842	93462	91	0.8841333333333332	1	0.5	1
FDE89_RS16225	hypothetical protein	NZ_CP040048.1	94181	93846	92	0.8959333333333334	1	0.5	1
FDE89_RS16230	hypothetical protein	NZ_CP040048.1	95176	94226	93	0.9094666666666666	1	0.5	1
FDE89_RS16235	hypothetical protein	NZ_CP040048.1	95981	95190	94	0.9217333333333333	1	0.5	1
FDE89_RS16240	hypothetical protein	NZ_CP040048.1	96382	96068	95	0.9383333333333331	1	0.5	1
FDE89_RS19215	hypothetical protein	NZ_CP040048.1	96586	96434	96	0.9525999999999998	1	0.5	1
FDE89_RS16245	hypothetical protein	NZ_CP040048.1	96832	96602	97	0.9477999999999999	1	0.5	1
FDE89_RS16250	minor capsid protein	NZ_CP040048.1	97935	96829	98	0.9426	1	1	1
FDE89_RS16255	DUF4055 domain-containing protein	NZ_CP040048.1	99285	97945	99	0.9388	1	0	1
FDE89_RS16260	terminase family protein	NZ_CP040048.1	100617	99325	100	0.9355999999999999	1	1	1
FDE89_RS16265	DUF2280 domain-containing protein	NZ_CP040048.1	101092	100577	101	0.9304666666666664	1	0	1
FDE89_RS16270	hypothetical protein	NZ_CP040048.1	101792	101151	102	0.9269999999999999	1	0.5	1
FDE89_RS16275	hypothetical protein	NZ_CP040048.1	102195	101761	103	0.9271999999999999	1	0.5	1
FDE89_RS16280	hypothetical protein	NZ_CP040048.1	102711	102256	104	0.9226	1	0.5	1
FDE89_RS16285	hypothetical protein	NZ_CP040048.1	103612	103376	105	0.9278666666666667	1	0.5	1
FDE89_RS16290	hypothetical protein	NZ_CP040048.1	104166	103804	106	0.9260666666666667	1	0.5	1
FDE89_RS19220	hypothetical protein	NZ_CP040048.1	104923	105042	107	0.9220000000000002	1	0.5	1
FDE89_RS16300	hypothetical protein	NZ_CP040048.1	105767	105216	108	0.9179333333333335	1	0.5	1
FDE89_RS16305	hypothetical protein	NZ_CP040048.1	106197	105979	109	0.9138000000000001	1	0.5	1
FDE89_RS16310	hypothetical protein	NZ_CP040048.1	106697	106443	110	0.9096	1	0.5	1
FDE89_RS16315	hypothetical protein	NZ_CP040048.1	107145	106669	111	0.9046666666666667	1	0.5	1
FDE89_RS16320	DUF559 domain-containing protein	NZ_CP040048.1	107543	107142	112	0.8795333333333333	1	0	1
FDE89_RS16325	hypothetical protein	NZ_CP040048.1	107935	107543	113	0.8504	1	0.5	1
FDE89_RS16330	hypothetical protein	NZ_CP040048.1	108266	107928	114	0.8198000000000001	1	0.5	1
FDE89_RS16335	hypothetical protein	NZ_CP040048.1	109063	108263	115	0.7877333333333334	1	0.5	1
FDE89_RS16340	replication protein	NZ_CP040048.1	109948	109066	116	0.7556666666666667	1	0	1
FDE89_RS16345	hypothetical protein	NZ_CP040048.1	110165	109941	117	0.7243333333333333	1	0.5	1
FDE89_RS16350	hypothetical protein	NZ_CP040048.1	110509	110237	118	0.6928666666666666	1	0.5	1
FDE89_RS16355	hypothetical protein	NZ_CP040048.1	110891	110571	119	0.6609999999999998	1	0.5	1
FDE89_RS16360	hypothetical protein	NZ_CP040048.1	111090	110902	120	0.6281999999999999	0	0.5	0
FDE89_RS16365	LexA family transcriptional regulator	NZ_CP040048.1	111195	111947	121	0.5954666666666667	0	0	0
FDE89_RS16370	hypothetical protein	NZ_CP040048.1	111962	112177	122	0.5627333333333333	0	0.5	0
FDE89_RS16375	hypothetical protein	NZ_CP040048.1	112229	113236	123	0.5300666666666667	0	0.5	0
FDE89_RS16380	hypothetical protein	NZ_CP040048.1	113238	113741	124	0.4972	0	0.5	0
FDE89_RS16385	hypothetical protein	NZ_CP040048.1	113880	114083	125	0.4656	0	0.5	0
FDE89_RS16390	hypothetical protein	NZ_CP040048.1	114332	114090	126	0.4386	0	0.5	0
FDE89_RS16395	hypothetical protein	NZ_CP040048.1	114526	114969	127	0.41300000000000003	0	0.5	0
FDE89_RS16400	hypothetical protein	NZ_CP040048.1	114969	115259	128	0.38826666666666665	0	0.5	0
FDE89_RS16405	hypothetical protein	NZ_CP040048.1	115252	115575	129	0.3633333333333333	0	0.5	0
FDE89_RS16410	ATP-binding protein	NZ_CP040048.1	115587	116708	130	0.3376666666666666	0	0	0
FDE89_RS16415	hypothetical protein	NZ_CP040048.1	116705	117637	131	0.31120000000000003	0	0.5	0
FDE89_RS16420	hypothetical protein	NZ_CP040048.1	117639	117890	132	0.2834666666666667	0	0.5	0
FDE89_RS16425	hypothetical protein	NZ_CP040048.1	117891	118298	133	0.2538666666666666	0	0.5	0
FDE89_RS16430	hypothetical protein	NZ_CP040048.1	118295	119017	134	0.22573333333333323	0	0.5	0
FDE89_RS16435	hypothetical protein	NZ_CP040048.1	119018	119281	135	0.19613333333333322	0	0.5	0
FDE89_RS16440	hypothetical protein	NZ_CP040048.1	120019	119702	136	0.16666666666666655	0	0.5	0
FDE89_RS16445	hypothetical protein	NZ_CP040048.1	120205	120092	137	0.1375999999999999	0	0.5	0
FDE89_RS16450	hypothetical protein	NZ_CP040048.1	120654	120313	138	0.10853333333333329	0	0.5	0
FDE89_RS16455	5-formyltetrahydrofolate cyclo-ligase	NZ_CP040048.1	120914	121480	139	0.07959999999999995	0	0	0
FDE89_RS16460	OmpA family protein	NZ_CP040048.1	122371	121592	140	0.050733333333333346	0	0	0
FDE89_RS16465	trimeric autotransporter adhesin Ata	NZ_CP040048.1	129226	122429	141	0.022600000000000006	0	0	0
FDE89_RS16470	endopeptidase La	NZ_CP040048.1	130003	132432	142	0.014466666666666666	0	0	0
FDE89_RS16475	23S rRNA (pseudouridine(1915)-N(3))-methyltransferase RlmH	NZ_CP040048.1	132734	133213	143	0.010666666666666666	0	0	0
FDE89_RS16480	dioxygenase	NZ_CP040048.1	133326	134102	144	0.008400000000000001	0	0	0
FDE89_RS16485	META and DUF4377 domain-containing protein	NZ_CP040048.1	134272	135381	145	0.0074666666666666675	0	0	0
FDE89_RS16490	NADP-specific glutamate dehydrogenase	NZ_CP040048.1	136839	135436	146	0.0072000000000000015	0	0	0
FDE89_RS16495	RnfABCDGE type electron transport complex subunit B	NZ_CP040048.1	137111	137902	147	0.005866666666666668	0	0	0
FDE89_RS16500	endonuclease III	NZ_CP040048.1	137918	138595	148	0.0045333333333333345	0	0	0
FDE89_RS16505	hypothetical protein	NZ_CP040048.1	138817	138653	149	0.0032666666666666677	0	0.5	0
FDE89_RS16510	adenylate kinase	NZ_CP040048.1	139496	138834	150	0.0027333333333333337	0	0	0
FDE89_RS16515	hypothetical protein	NZ_CP040048.1	140824	139574	151	0.0026000000000000003	0	0.5	0
FDE89_RS16520	hypothetical protein	NZ_CP040048.1	141467	140949	152	0.002466666666666667	0	0.5	0
FDE89_RS16525	penicillin-binding protein 2	NZ_CP040048.1	141704	143722	153	0.002466666666666667	0	0	0
FDE89_RS16530	16S rRNA (guanine(966)-N(2))-methyltransferase RsmD	NZ_CP040048.1	143722	144273	154	0.0023333333333333335	0	0	0
FDE89_RS16535	HupE/UreJ family protein	NZ_CP040048.1	144885	144316	155	0.0026666666666666666	0	0	0
FDE89_RS16540	urease accessory protein UreG	NZ_CP040048.1	145509	144895	156	0.0029333333333333334	0	0	0
FDE89_RS16545	urease accessory protein	NZ_CP040048.1	146198	145533	157	0.0027333333333333333	0	0	0
FDE89_RS16550	urease accessory protein UreE	NZ_CP040048.1	146667	146185	158	0.0027333333333333333	0	0	0
FDE89_RS16555	urease subunit alpha	NZ_CP040048.1	148435	146738	159	0.0026666666666666666	0	0	0
FDE89_RS16560	urease subunit beta	NZ_CP040048.1	148780	148472	160	0.002866666666666667	0	0	0
FDE89_RS16565	urease subunit gamma	NZ_CP040048.1	149094	148792	161	0.002866666666666667	0	0	0
FDE89_RS16570	urease accessory protein UreD	NZ_CP040048.1	149942	149196	162	0.0027333333333333333	0	0	0
FDE89_RS16575	hypothetical protein	NZ_CP040048.1	150281	150589	163	0.0027333333333333333	0	0.5	0
FDE89_RS16580	copper resistance protein NlpE N-terminal domain-containing protein	NZ_CP040048.1	150793	151263	164	0.0027333333333333333	0	0	0
FDE89_RS16585	isocitrate lyase	NZ_CP040048.1	152938	151334	165	0.0027333333333333333	0	0	0
FDE89_RS16590	LysR family transcriptional regulator	NZ_CP040048.1	153527	154516	166	0.0027333333333333333	0	0	0
FDE89_RS16595	hemolysin family protein	NZ_CP040048.1	154640	155965	167	0.0027333333333333333	0	0	0
FDE89_RS16605	CitMHS family transporter	NZ_CP040048.1	156521	157858	168	0.0026666666666666666	0	0	0
FDE89_RS16610	hypothetical protein	NZ_CP040048.1	158451	157939	169	0.0026666666666666666	0	0.5	0
FDE89_RS16615	DUF2239 family protein	NZ_CP040048.1	158673	159221	170	0.0026666666666666666	0	0	0
FDE89_RS16620	sulfate adenylyltransferase subunit CysN	NZ_CP040048.1	160887	159274	171	0.0026666666666666666	0	0	0
FDE89_RS16625	sulfate adenylyltransferase subunit CysD	NZ_CP040048.1	161826	160918	172	0.0026666666666666666	0	0	0
FDE89_RS16630	hypothetical protein	NZ_CP040048.1	161950	161819	173	0.0026666666666666666	0	0.5	0
FDE89_RS16635	IS4 family transposase	NZ_CP040048.1	162273	162864	174	0.0026666666666666666	0	0.75	0
FDE89_RS16645	capsule assembly Wzi family protein	NZ_CP040048.1	164388	162946	175	0.0026666666666666666	0	0	0
FDE89_RS16650	lysine--tRNA ligase	NZ_CP040048.1	166140	164578	176	0.0019333333333333333	0	0	0
FDE89_RS16655	esterase	NZ_CP040048.1	166364	166852	177	0.0016666666666666668	0	0	0
FDE89_RS16660	SRPBCC domain-containing protein	NZ_CP040048.1	167359	166922	178	0.001466666666666667	0	0	0
FDE89_RS16665	rubredoxin	NZ_CP040048.1	167803	167967	179	0.0014	0	0	0
FDE89_RS16670	FAD-dependent oxidoreductase	NZ_CP040048.1	168060	169241	180	0.0014	0	0	0
FDE89_RS16675	alpha/beta fold hydrolase	NZ_CP040048.1	169341	170240	181	0.0011333333333333334	0	0	0
FDE89_RS16680	hydrogen peroxide-inducible genes activator	NZ_CP040048.1	170247	171155	182	0.0011333333333333334	0	0	0
FDE89_RS16685	SPOR domain-containing protein	NZ_CP040048.1	171727	171185	183	0.0010666666666666667	0	0	0
FDE89_RS16690	polyphosphate kinase 1	NZ_CP040048.1	174093	172015	184	0.0010666666666666667	0	0	0
FDE89_RS16695	monofunctional biosynthetic peptidoglycan transglycosylase	NZ_CP040048.1	174875	174198	185	0.0006666666666666668	0	0	0
FDE89_RS16700	rhomboid family intramembrane serine protease	NZ_CP040048.1	174952	175761	186	0.0002666666666666667	0	0	0
FDE89_RS16705	FtsX-like permease family protein	NZ_CP040048.1	178222	175763	187	0.0002666666666666667	0	0	0
FDE89_RS16710	ABC transporter ATP-binding protein	NZ_CP040048.1	178918	178226	188	0.0002666666666666667	0	0	0
FDE89_RS16715	arylesterase	NZ_CP040048.1	178963	179586	189	0.0002666666666666667	0	0	0
FDE89_RS16720	carbonic anhydrase	NZ_CP040048.1	180257	179619	190	6.666666666666667e-05	0	0	0
FDE89_RS16725	alpha/beta hydrolase	NZ_CP040048.1	180518	181543	191	0.0	0	0	0
FDE89_RS16730	hypothetical protein	NZ_CP040048.1	181570	182577	192	0.0	0	0.5	0
FDE89_RS16735	FepA family TonB-dependent siderophore receptor	NZ_CP040048.1	184324	182600	193	0.0	0	0	0
FDE89_RS16740	Fe-S biogenesis protein NfuA	NZ_CP040048.1	185132	184494	194	0.0	0	0	0
FDE89_RS16745	rhomboid family intramembrane serine protease	NZ_CP040048.1	185290	185907	195	0.0	0	0	0
FDE89_RS16750	arylsulfatase	NZ_CP040048.1	186078	187754	196	0.0	0	0	0
FDE89_RS16755	SUMF1/EgtB/PvdO family nonheme iron enzyme	NZ_CP040048.1	187859	188758	197	0.0	0	0	0
FDE89_RS16760	hypothetical protein	NZ_CP040048.1	188868	189032	198	0.0	0	0.5	0
FDE89_RS16765	hypothetical protein	NZ_CP040048.1	189569	191116	199	0.0	0	0.5	0
FDE89_RS16770	D-serine ammonia-lyase	NZ_CP040048.1	192494	191160	200	0.0	0	0	0
FDE89_RS16775	inorganic phosphate transporter	NZ_CP040048.1	194190	192661	201	0.0	0	0	0
FDE89_RS16780	methionine synthase	NZ_CP040048.1	194754	198440	202	6.666666666666667e-05	0	0	0
FDE89_RS16785	transketolase	NZ_CP040048.1	199525	198521	203	6.666666666666667e-05	0	0	0
FDE89_RS16790	transketolase	NZ_CP040048.1	200381	199536	204	6.666666666666667e-05	0	0	0
FDE89_RS16795	MFS transporter	NZ_CP040048.1	201729	200401	205	6.666666666666667e-05	0	0	0
FDE89_RS16800	SDR family oxidoreductase	NZ_CP040048.1	202527	201778	206	0.00013333333333333334	0	0	0
FDE89_RS16805	LysR family transcriptional regulator	NZ_CP040048.1	202712	203587	207	0.00013333333333333334	0	0	0
FDE89_RS16810	hypothetical protein	NZ_CP040048.1	204045	203599	208	0.0002	0	0.5	0
FDE89_RS16820	galactose mutarotase	NZ_CP040048.1	204237	205382	209	0.0002666666666666667	0	0	0
FDE89_RS16825	MFS transporter	NZ_CP040048.1	206652	205450	210	0.001	0	0	0
FDE89_RS16830	helix-turn-helix transcriptional regulator	NZ_CP040048.1	206776	207564	211	0.001	0	1	0
FDE89_RS16835	glutaminase	NZ_CP040048.1	208851	207559	212	0.001	0	0	0
FDE89_RS16840	peptide deformylase	NZ_CP040048.1	209512	209030	213	0.0016	0	0	0
FDE89_RS16845	MFS transporter	NZ_CP040048.1	209747	211045	214	0.0016	0	0	0
FDE89_RS16850	hypothetical protein	NZ_CP040048.1	212283	211108	215	0.0016	0	0.5	0
FDE89_RS16855	thiamine pyrophosphate-binding protein	NZ_CP040048.1	214101	212461	216	0.0016	0	0	0
FDE89_RS16860	aldehyde dehydrogenase	NZ_CP040048.1	215606	214140	217	0.0016	0	0	0
FDE89_RS16865	aspartate dehydrogenase	NZ_CP040048.1	216411	215620	218	0.0016666666666666668	0	0	0
FDE89_RS16870	SDR family oxidoreductase	NZ_CP040048.1	217221	216427	219	0.0016666666666666668	0	0	0
FDE89_RS16875	alpha/beta hydrolase	NZ_CP040048.1	218061	217237	220	0.0016666666666666668	0	0	0
FDE89_RS16880	cupin domain-containing protein	NZ_CP040048.1	218618	218097	221	0.0016666666666666668	0	0	0
FDE89_RS16885	MFS transporter	NZ_CP040048.1	219865	218642	222	0.0016666666666666668	0	0	0
FDE89_RS16890	FAD-dependent oxidoreductase	NZ_CP040048.1	221119	219908	223	0.0016666666666666668	0	0	0
FDE89_RS16895	VOC family protein	NZ_CP040048.1	222078	221149	224	0.0018000000000000002	0	0	0
FDE89_RS16900	SDR family oxidoreductase	NZ_CP040048.1	222854	222094	225	0.0018666666666666669	0	0	0
FDE89_RS16905	aromatic ring-hydroxylating dioxygenase subunit alpha	NZ_CP040048.1	223915	222842	226	0.0022	0	0	0
FDE89_RS16910	hypothetical protein	NZ_CP040048.1	224231	223932	227	0.0022	0	0.5	0
FDE89_RS16915	non-heme iron oxygenase ferredoxin subunit	NZ_CP040048.1	224564	224259	228	0.0022	0	0	0
FDE89_RS16920	IclR family transcriptional regulator	NZ_CP040048.1	224838	225650	229	0.0022	0	0	0
FDE89_RS16925	hypothetical protein	NZ_CP040048.1	225995	225696	230	0.0022	0	0.5	0
FDE89_RS16930	nicotinamide riboside transporter PnuC	NZ_CP040048.1	226591	226010	231	0.0022	0	0	0
FDE89_RS16935	crotonase/enoyl-CoA hydratase family protein	NZ_CP040048.1	226839	227627	232	0.0021333333333333334	0	0	0
FDE89_RS16940	poly-beta-1,6-N-acetyl-D-glucosamine biosynthesis protein PgaD	NZ_CP040048.1	228134	227730	233	0.0021333333333333334	0	0	0
FDE89_RS16945	poly-beta-1,6 N-acetyl-D-glucosamine synthase	NZ_CP040048.1	229491	228232	234	0.0022	0	0	0
FDE89_RS16950	poly-beta-1,6-N-acetyl-D-glucosamine N-deacetylase PgaB	NZ_CP040048.1	231499	229505	235	0.0022	0	0	0
FDE89_RS16955	FKBP-type peptidyl-prolyl cis-trans isomerase	NZ_CP040048.1	232077	231736	236	0.0021333333333333334	0	0	0
FDE89_RS16960	YaeQ family protein	NZ_CP040048.1	232694	232164	237	0.0027333333333333333	0	0.5	0
FDE89_RS16965	C4-dicarboxylate transporter DctA	NZ_CP040048.1	232883	234145	238	0.0029333333333333334	0	0	0
FDE89_RS16970	GTP-binding protein	NZ_CP040048.1	235181	234183	239	0.0028666666666666662	0	0	0
FDE89_RS16975	hypothetical protein	NZ_CP040048.1	235680	235880	240	0.002266666666666667	0	0.5	0
FDE89_RS16980	acyl-CoA thioesterase	NZ_CP040048.1	236506	235991	241	0.002266666666666667	0	0	0
FDE89_RS16985	MarC family protein	NZ_CP040048.1	237382	236768	242	0.002266666666666667	0	0	0
FDE89_RS16990	choline transporter	NZ_CP040048.1	239460	237394	243	0.0016666666666666668	0	0	0
FDE89_RS16995	BCCT family transporter	NZ_CP040048.1	241200	239578	244	0.0016666666666666668	0	0	0
FDE89_RS17000	transcriptional regulator BetI	NZ_CP040048.1	241454	242089	245	0.0016666666666666668	0	0	0
FDE89_RS17005	betaine-aldehyde dehydrogenase	NZ_CP040048.1	242082	243554	246	0.0016666666666666668	0	0	0
FDE89_RS17010	choline dehydrogenase	NZ_CP040048.1	243650	245308	247	0.0017333333333333335	0	0	0
FDE89_RS17015	malate dehydrogenase (quinone)	NZ_CP040048.1	245821	247461	248	0.0016666666666666668	0	0	0
FDE89_RS17020	hypothetical protein	NZ_CP040048.1	247553	248023	249	0.0016666666666666668	0	0.5	0
FDE89_RS17025	homocysteine S-methyltransferase family protein	NZ_CP040048.1	248240	249118	250	0.0017333333333333335	0	0	0
FDE89_RS17030	basic amino acid/polyamine antiporter	NZ_CP040048.1	249124	250458	251	0.0017333333333333335	0	0	0
FDE89_RS17035	alpha/beta fold hydrolase	NZ_CP040048.1	252390	250513	252	0.0018000000000000002	0	0	0
FDE89_RS17040	DUF1275 domain-containing protein	NZ_CP040048.1	253257	252550	253	0.0019333333333333336	0	0	0
FDE89_RS17045	hypothetical protein	NZ_CP040048.1	253578	253853	254	0.002266666666666667	0	0.5	0
FDE89_RS17050	YbaN family protein	NZ_CP040048.1	254296	253856	255	0.0031333333333333335	0	0.5	0
FDE89_RS17055	biliverdin-producing heme oxygenase	NZ_CP040048.1	254924	254325	256	0.0036000000000000003	0	0	0
FDE89_RS17060	energy transducer TonB	NZ_CP040048.1	255877	254957	257	0.0044	0	0	0
FDE89_RS17065	DUF560 domain-containing protein	NZ_CP040048.1	257354	255888	258	0.004933333333333334	0	0	0
FDE89_RS17070	transferrin-binding protein-like solute binding protein	NZ_CP040048.1	258255	257464	259	0.007200000000000001	0	0	0
FDE89_RS17075	TonB-dependent receptor	NZ_CP040048.1	261552	258448	260	0.009466666666666668	0	0	0
FDE89_RS17080	FecR domain-containing protein	NZ_CP040048.1	262777	261761	261	0.012333333333333333	0	0	0
FDE89_RS17085	sigma-70 family RNA polymerase sigma factor	NZ_CP040048.1	263299	262778	262	0.015000000000000001	0	0	0
FDE89_RS17090	LysR family transcriptional regulator	NZ_CP040048.1	264326	263436	263	0.01746666666666667	0	0	0
FDE89_RS17095	dihydrodipicolinate synthase family protein	NZ_CP040048.1	264514	265458	264	0.019733333333333335	0	0	0
FDE89_RS17100	MFS transporter	NZ_CP040048.1	265631	267016	265	0.029933333333333336	0	0	0
FDE89_RS17105	outer membrane porin, OprD family	NZ_CP040048.1	267095	268441	266	0.03780000000000001	0	0	0
FDE89_RS17110	hypothetical protein	NZ_CP040048.1	269079	269363	267	0.046000000000000006	0	0.5	0
FDE89_RS17115	hypothetical protein	NZ_CP040048.1	269597	269875	268	0.059000000000000004	0	0.5	0
FDE89_RS17120	TatD family hydrolase	NZ_CP040048.1	270635	269895	269	0.06686666666666667	0	0	0
FDE89_RS17125	7-cyano-7-deazaguanine synthase	NZ_CP040048.1	271963	270635	270	0.072	0	0	0
FDE89_RS17130	hypothetical protein	NZ_CP040048.1	272720	271956	271	0.07819999999999999	0	0.5	0
FDE89_RS17135	KAP family P-loop domain protein	NZ_CP040048.1	274541	272748	272	0.0846	0	0	0
FDE89_RS17140	hypothetical protein	NZ_CP040048.1	276035	274652	273	0.08573333333333331	0	0.5	0
FDE89_RS17145	hypothetical protein	NZ_CP040048.1	279638	278433	274	0.088	0	0.5	0
FDE89_RS17150	nucleoid-associated protein	NZ_CP040048.1	280687	279641	275	0.09086666666666665	0	0	0
FDE89_RS17155	single-stranded DNA-binding protein	NZ_CP040048.1	281266	281117	276	0.09266666666666665	0	0	0
FDE89_RS17160	hypothetical protein	NZ_CP040048.1	282642	281200	277	0.09319999999999998	0	0.5	0
FDE89_RS17165	single-stranded DNA-binding protein	NZ_CP040048.1	282981	282778	278	0.0935333333333333	0	0	0
FDE89_RS17170	DUF927 domain-containing protein	NZ_CP040048.1	285780	283315	279	0.09399999999999996	0	0	0
FDE89_RS17175	hypothetical protein	NZ_CP040048.1	286071	285793	280	0.0939333333333333	0	0.5	0
FDE89_RS17180	hypothetical protein	NZ_CP040048.1	286498	286193	281	0.09399999999999996	0	0.5	0
FDE89_RS17185	hypothetical protein	NZ_CP040048.1	286876	286508	282	0.0939333333333333	0	0.5	0
FDE89_RS17190	hypothetical protein	NZ_CP040048.1	287423	286869	283	0.09379999999999997	0	0.5	0
FDE89_RS17195	DNA-binding protein	NZ_CP040048.1	287629	287420	284	0.0933333333333333	0	0	0
FDE89_RS17200	hypothetical protein	NZ_CP040048.1	287847	287632	285	0.09239999999999997	0	0.5	0
FDE89_RS17205	hypothetical protein	NZ_CP040048.1	288824	288057	286	0.09159999999999996	0	0.5	0
FDE89_RS17210	tyrosine-type recombinase/integrase	NZ_CP040048.1	290200	288972	287	0.09079999999999996	0	1.5	0
FDE89_RS17215	hypothetical protein	NZ_CP040048.1	291241	290576	288	0.09026666666666663	0	0.5	0
FDE89_RS17220	DUF4113 domain-containing protein	NZ_CP040048.1	291482	291994	289	0.08799999999999995	0	0	0
FDE89_RS17225	hypothetical protein	NZ_CP040048.1	292031	293047	290	0.0857333333333333	0	0.5	0
FDE89_RS17230	PAAR domain-containing protein	NZ_CP040048.1	293192	294034	291	0.08286666666666663	0	0	0
FDE89_RS17235	hypothetical protein	NZ_CP040048.1	294031	294672	292	0.08019999999999995	0	0.5	0
FDE89_RS17240	TIGR02594 family protein	NZ_CP040048.1	295568	294798	293	0.07779999999999994	0	0	0
FDE89_RS17245	hypothetical protein	NZ_CP040048.1	295852	295565	294	0.07546666666666661	0	0.5	0
FDE89_RS17250	hypothetical protein	NZ_CP040048.1	296194	295976	295	0.06526666666666667	0	0.5	0
FDE89_RS17255	hypothetical protein	NZ_CP040048.1	296885	296187	296	0.05740000000000001	0	0.5	0
FDE89_RS17260	hypothetical protein	NZ_CP040048.1	297679	296885	297	0.048600000000000004	0	0.5	0
FDE89_RS17270	phage antirepressor N-terminal domain-containing protein	NZ_CP040048.1	298218	299117	298	0.035800000000000005	0	1	0
FDE89_RS17275	hypothetical protein	NZ_CP040048.1	299989	299276	299	0.028666666666666674	0	0.5	0
FDE89_RS17280	XRE family transcriptional regulator	NZ_CP040048.1	301284	300205	300	0.023666666666666673	0	0	0
FDE89_RS17285	hypothetical protein	NZ_CP040048.1	301910	301281	301	0.0176	0	0.5	0
FDE89_RS17290	hypothetical protein	NZ_CP040048.1	303512	302061	302	0.012400000000000001	0	0.5	0
FDE89_RS17295	hypothetical protein	NZ_CP040048.1	305464	303512	303	0.013066666666666667	0	0.5	0
FDE89_RS17300	hypothetical protein	NZ_CP040048.1	306191	305538	304	0.013866666666666668	0	0.5	0
FDE89_RS17305	hypothetical protein	NZ_CP040048.1	307725	306191	305	0.018	0	0.5	0
FDE89_RS17310	hypothetical protein	NZ_CP040048.1	307884	308078	306	0.03353333333333333	0	0.5	0
FDE89_RS17315	hypothetical protein	NZ_CP040048.1	308876	308106	307	0.048933333333333336	0	0.5	0
FDE89_RS17320	hypothetical protein	NZ_CP040048.1	309274	308876	308	0.06333333333333332	0	0.5	0
FDE89_RS17325	DUF1983 domain-containing protein	NZ_CP040048.1	319630	309275	309	0.07706666666666666	0	0	0
FDE89_RS17330	hypothetical protein	NZ_CP040048.1	320533	319640	310	0.09899999999999999	0	0.5	0
FDE89_RS17335	hypothetical protein	NZ_CP040048.1	320982	320533	311	0.12040000000000001	0	0.5	0
FDE89_RS17340	hypothetical protein	NZ_CP040048.1	321626	320982	312	0.1416	0	0.5	0
FDE89_RS17345	type II toxin-antitoxin system RelE/ParE family toxin	NZ_CP040048.1	322019	321753	313	0.15940000000000001	0	0	0
FDE89_RS17350	type II toxin-antitoxin system Phd/YefM family antitoxin	NZ_CP040048.1	322257	321982	314	0.16446666666666668	0	0	0
FDE89_RS17355	hypothetical protein	NZ_CP040048.1	322511	322570	315	0.17160000000000003	0	0.5	0
FDE89_RS17360	hypothetical protein	NZ_CP040048.1	323054	322803	316	0.18633333333333335	0	0.5	0
FDE89_RS17365	phage antirepressor N-terminal domain-containing protein	NZ_CP040048.1	323261	324157	317	0.199	0	1	0
FDE89_RS17370	hypothetical protein	NZ_CP040048.1	324521	324243	318	0.21133333333333335	0	0.5	0
FDE89_RS17375	hypothetical protein	NZ_CP040048.1	325350	324583	319	0.22740000000000002	0	0.5	0
FDE89_RS17380	hypothetical protein	NZ_CP040048.1	326664	325369	320	0.2474666666666667	0	0.5	0
FDE89_RS17385	hypothetical protein	NZ_CP040048.1	327070	326783	321	0.2665333333333334	0	0.5	0
FDE89_RS17390	hypothetical protein	NZ_CP040048.1	327701	327075	322	0.28866666666666674	0	0.5	0
FDE89_RS17395	hypothetical protein	NZ_CP040048.1	329543	327765	323	0.3130666666666667	0	0.5	0
FDE89_RS17400	hypothetical protein	NZ_CP040048.1	330000	329698	324	0.3366	0	0.5	0
FDE89_RS17405	hypothetical protein	NZ_CP040048.1	330545	329997	325	0.3514666666666667	0	0.5	0
FDE89_RS17410	hypothetical protein	NZ_CP040048.1	331665	330535	326	0.36633333333333334	0	0.5	0
FDE89_RS17415	hypothetical protein	NZ_CP040048.1	331945	331667	327	0.3842	0	0.5	0
FDE89_RS17420	phage tail protein	NZ_CP040048.1	333498	331960	328	0.39993333333333336	0	1	0
FDE89_RS17425	terminase	NZ_CP040048.1	335562	333571	329	0.42053333333333337	0	1	0
FDE89_RS17430	hypothetical protein	NZ_CP040048.1	336094	335582	330	0.42993333333333333	0	0.5	0
FDE89_RS17435	TraR/DksA C4-type zinc finger protein	NZ_CP040048.1	336306	336106	331	0.441	0	0	0
FDE89_RS17440	hypothetical protein	NZ_CP040048.1	337102	336299	332	0.45106666666666667	0	0.5	0
FDE89_RS17445	hypothetical protein	NZ_CP040048.1	338010	337105	333	0.45993333333333336	0	0.5	0
FDE89_RS17450	hypothetical protein	NZ_CP040048.1	338310	338083	334	0.4659333333333333	0	0.5	0
FDE89_RS17455	hypothetical protein	NZ_CP040048.1	338780	338322	335	0.4694666666666667	0	0.5	0
FDE89_RS17460	hypothetical protein	NZ_CP040048.1	339473	338859	336	0.4644000000000001	0	0.5	0
FDE89_RS17465	hypothetical protein	NZ_CP040048.1	340906	339461	337	0.46606666666666663	0	0.5	0
FDE89_RS17470	hypothetical protein	NZ_CP040048.1	341225	340887	338	0.47700000000000004	0	0.5	0
FDE89_RS17475	hypothetical protein	NZ_CP040048.1	341581	341225	339	0.49006666666666665	0	0.5	0
FDE89_RS17480	hypothetical protein	NZ_CP040048.1	342722	341781	340	0.49559999999999993	0	0.5	0
FDE89_RS17485	hypothetical protein	NZ_CP040048.1	342920	343336	341	0.5011333333333333	0	0.5	0
FDE89_RS17490	phage antirepressor N-terminal domain-containing protein	NZ_CP040048.1	344307	343408	342	0.5018666666666666	0	1	2	342315	342328	371791	371804	TTCTTTAATTTTC	TTCTTTAATTTTC	Longest Repeat flanking phage and within 2000 bp
FDE89_RS17495	type II toxin-antitoxin system HicB family antitoxin	NZ_CP040048.1	345313	344372	343	0.5114666666666665	0	0	2
FDE89_RS17500	hypothetical protein	NZ_CP040048.1	346693	345638	344	0.5356	0	0.5	2
FDE89_RS17505	tail tape measure protein	NZ_CP040048.1	348995	346707	345	0.5573999999999998	0	1	2
FDE89_RS17510	hypothetical protein	NZ_CP040048.1	349341	349078	346	0.5733333333333334	0	0.5	2
FDE89_RS17515	hypothetical protein	NZ_CP040048.1	350293	349457	347	0.5928	0	0.5	2
FDE89_RS17520	helix-turn-helix domain-containing protein	NZ_CP040048.1	350993	350307	348	0.6121333333333332	0	1	2
FDE89_RS17525	RusA family crossover junction endodeoxyribonuclease	NZ_CP040048.1	351683	350994	349	0.6274666666666665	0	0	2
FDE89_RS17530	hypothetical protein	NZ_CP040048.1	353102	352647	350	0.6374666666666666	0	0.5	2
FDE89_RS17535	hypothetical protein	NZ_CP040048.1	354091	353558	351	0.6465333333333335	1	0.5	2
FDE89_RS17540	ATP-binding protein	NZ_CP040048.1	354852	354088	352	0.6537333333333334	1	0	2
FDE89_RS17545	hypothetical protein	NZ_CP040048.1	355892	354849	353	0.6549333333333334	1	0.5	2
FDE89_RS17550	DNA cytosine methyltransferase	NZ_CP040048.1	357374	355896	354	0.6545333333333332	1	0	2
FDE89_RS17555	hypothetical protein	NZ_CP040048.1	357757	357371	355	0.6649333333333333	1	0.5	2
FDE89_RS17560	phosphoadenosine phosphosulfate reductase family protein	NZ_CP040048.1	358737	357763	356	0.6755999999999998	1	0	2
FDE89_RS17565	hypothetical protein	NZ_CP040048.1	359381	358734	357	0.682133333333333	1	0.5	2
FDE89_RS17570	hypothetical protein	NZ_CP040048.1	359833	359378	358	0.6900666666666665	1	0.5	2
FDE89_RS17575	hypothetical protein	NZ_CP040048.1	360015	359830	359	0.6946666666666667	1	0.5	2
FDE89_RS17580	hypothetical protein	NZ_CP040048.1	360212	360012	360	0.7088666666666665	1	0.5	2
FDE89_RS17585	hypothetical protein	NZ_CP040048.1	360620	360246	361	0.7204666666666666	1	0.5	2
FDE89_RS17590	helix-turn-helix transcriptional regulator	NZ_CP040048.1	360886	360653	362	0.7315333333333333	1	1	2
FDE89_RS17595	helix-turn-helix domain-containing protein	NZ_CP040048.1	361013	361702	363	0.7369333333333334	1	1	2
FDE89_RS17600	hypothetical protein	NZ_CP040048.1	361714	361989	364	0.7355333333333333	1	0.5	2
FDE89_RS17605	hypothetical protein	NZ_CP040048.1	362205	362537	365	0.7290666666666668	1	0.5	2
FDE89_RS17610	DUF2303 family protein	NZ_CP040048.1	362577	363380	366	0.7232666666666667	1	0	2
FDE89_RS17615	hypothetical protein	NZ_CP040048.1	363465	363725	367	0.709	1	0.5	2
FDE89_RS17620	hypothetical protein	NZ_CP040048.1	363784	364113	368	0.6839333333333333	1	0.5	2
FDE89_RS17625	hypothetical protein	NZ_CP040048.1	364110	364481	369	0.6568	1	0.5	2
FDE89_RS17630	3'-5' exonuclease	NZ_CP040048.1	364652	365332	370	0.6294000000000001	0	0	2
FDE89_RS17635	ead/Ea22-like family protein	NZ_CP040048.1	365345	366373	371	0.6023999999999999	0	0	2
FDE89_RS17640	hypothetical protein	NZ_CP040048.1	366514	366804	372	0.5804666666666666	0	0.5	2
FDE89_RS17645	hypothetical protein	NZ_CP040048.1	366805	366984	373	0.5531333333333331	0	0.5	2
FDE89_RS17650	hypothetical protein	NZ_CP040048.1	366977	367513	374	0.5239333333333334	0	0.5	2
FDE89_RS17655	phage protein	NZ_CP040048.1	367510	368019	375	0.49500000000000005	0	1	2
FDE89_RS17660	hypothetical protein	NZ_CP040048.1	368016	368225	376	0.4643333333333334	0	0.5	2
FDE89_RS17665	hypothetical protein	NZ_CP040048.1	368222	368437	377	0.43220000000000003	0	0.5	2
FDE89_RS19225	hypothetical protein	NZ_CP040048.1	368438	368608	378	0.40053333333333335	0	0.5	2
FDE89_RS17670	FRG domain-containing protein	NZ_CP040048.1	369607	368615	379	0.36913333333333337	0	0	2
FDE89_RS17675	hypothetical protein	NZ_CP040048.1	370177	369722	380	0.33906666666666674	0	0.5	2
FDE89_RS17680	endonuclease/exonuclease/phosphatase family protein	NZ_CP040048.1	371052	370168	381	0.31093333333333345	0	0	2
FDE89_RS17685	tyrosine-type recombinase/integrase	NZ_CP040048.1	372204	371049	382	0.2816000000000001	0	1.5	2
FDE89_RS17695	gamma-glutamyltransferase	NZ_CP040048.1	374866	372902	383	0.25593333333333335	0	0	0
FDE89_RS17700	DHA2 family efflux MFS transporter permease subunit	NZ_CP040048.1	376713	375190	384	0.2328	0	0	0
FDE89_RS17705	EmrA/EmrK family multidrug efflux transporter periplasmic adaptor subunit	NZ_CP040048.1	377871	376720	385	0.20753333333333332	0	0	0
FDE89_RS17710	thioesterase family protein	NZ_CP040048.1	378674	378141	386	0.1822	0	0	0
FDE89_RS17715	porphobilinogen synthase	NZ_CP040048.1	378781	379794	387	0.162	0	0	0
FDE89_RS17720	FAD-dependent oxidoreductase	NZ_CP040048.1	379820	380935	388	0.13813333333333333	0	0	0
FDE89_RS17725	TIGR01777 family oxidoreductase	NZ_CP040048.1	381832	380927	389	0.11286666666666662	0	0	0
FDE89_RS17730	ABZJ_00895 family protein	NZ_CP040048.1	382374	381922	390	0.08933333333333329	0	0	0
FDE89_RS17735	VOC family protein	NZ_CP040048.1	382754	383131	391	0.06673333333333334	0	0	0
FDE89_RS17740	OsmC family protein	NZ_CP040048.1	383711	383199	392	0.04506666666666668	0	0	0
FDE89_RS17745	exonuclease SbcCD subunit D	NZ_CP040048.1	383836	385104	393	0.030000000000000006	0	0	0
FDE89_RS17750	AAA family ATPase	NZ_CP040048.1	385114	388710	394	0.022666666666666672	0	0	0
FDE89_RS17755	YggS family pyridoxal phosphate-dependent enzyme	NZ_CP040048.1	389604	388912	395	0.018666666666666668	0	0.5	0
FDE89_RS17760	type IV pilus twitching motility protein PilT	NZ_CP040048.1	389701	390768	396	0.013000000000000005	0	0	0
FDE89_RS17765	PilT/PilU family type 4a pilus ATPase	NZ_CP040048.1	390796	391914	397	0.010600000000000002	0	0	0
FDE89_RS17770	ferric iron uptake transcriptional regulator	NZ_CP040048.1	392421	391984	398	0.010800000000000002	0	0	0
FDE89_RS17775	outer membrane protein assembly factor BamE	NZ_CP040048.1	392533	392931	399	0.01146666666666667	0	0	0
FDE89_RS17780	RnfH family protein	NZ_CP040048.1	393309	392986	400	0.011800000000000003	0	0	0
FDE89_RS17785	hypothetical protein	NZ_CP040048.1	394376	393309	401	0.011933333333333336	0	0.5	0
FDE89_RS17795	bacteriohemerythrin	NZ_CP040048.1	394984	394529	402	0.012533333333333337	0	0	0
FDE89_RS17800	class II glutamine amidotransferase	NZ_CP040048.1	396085	395237	403	0.01266666666666667	0	0	0
FDE89_RS17805	GNAT family N-acetyltransferase	NZ_CP040048.1	396976	396194	404	0.01286666666666667	0	0	0
FDE89_RS17810	acetylglutamate kinase	NZ_CP040048.1	398005	397097	405	0.013000000000000005	0	0	0
FDE89_RS17815	phosphomannomutase/phosphoglucomutase	NZ_CP040048.1	399438	398020	406	0.013133333333333337	0	0	0
FDE89_RS17820	dUTP diphosphatase	NZ_CP040048.1	400090	399638	407	0.013200000000000005	0	0	0
FDE89_RS17825	DNA helicase Rep	NZ_CP040048.1	402154	400115	408	0.013333333333333338	0	0	0
FDE89_RS17830	OmpA family protein	NZ_CP040048.1	403001	402348	409	0.013533333333333338	0	0	0
FDE89_RS17835	acyltransferase	NZ_CP040048.1	403246	404172	410	0.013533333333333338	0	0	0
FDE89_RS17840	hypothetical protein	NZ_CP040048.1	404189	405235	411	0.013533333333333338	0	0.5	0
FDE89_RS17845	septum site-determining protein MinC	NZ_CP040048.1	405384	406079	412	0.013533333333333338	0	0	0
FDE89_RS17850	septum site-determining protein MinD	NZ_CP040048.1	406150	406962	413	0.013533333333333338	0	0	0
FDE89_RS17855	cell division topological specificity factor MinE	NZ_CP040048.1	406965	407237	414	0.013533333333333338	0	0	0
FDE89_RS17860	PA4642 family protein	NZ_CP040048.1	407321	407608	415	0.013533333333333338	0	0	0
FDE89_RS19230	hypothetical protein	NZ_CP040048.1	407756	408037	416	0.013333333333333338	0	0.5	0
FDE89_RS17865	tyrosyl-tRNA synthetase	NZ_CP040048.1	407970	408500	417	0.009133333333333334	0	0	0
FDE89_RS17870	threonine export protein RhtC	NZ_CP040048.1	409176	408556	418	0.008866666666666667	0	0	0
FDE89_RS17875	DNA translocase FtsK	NZ_CP040048.1	412358	409326	419	0.0082	0	0	0
FDE89_RS17880	thioredoxin-disulfide reductase	NZ_CP040048.1	412628	413575	420	0.007866666666666668	0	0	0
FDE89_RS17885	leucyl/phenylalanyl-tRNA--protein transferase	NZ_CP040048.1	413695	414426	421	0.007666666666666668	0	0	0
FDE89_RS17890	arginyltransferase	NZ_CP040048.1	414445	415260	422	0.007000000000000001	0	0	0
FDE89_RS17895	ribosomal protein S18-alanine N-acetyltransferase	NZ_CP040048.1	415760	415305	423	0	0	0	0
FDE89_RS17900	metal-dependent hydrolase	NZ_CP040048.1	416744	415869	424	0.005666666666666668	0	0	0
FDE89_RS17905	metal-dependent hydrolase	NZ_CP040048.1	417862	416981	425	0.005600000000000002	0	0	0
FDE89_RS17910	elongation factor Tu	NZ_CP040048.1	419256	418066	426	0.0048000000000000004	0	0	0
FDE89_RS17915	elongation factor G	NZ_CP040048.1	421489	419351	427	0.003800000000000001	0	0	0
FDE89_RS17920	30S ribosomal protein S7	NZ_CP040048.1	422138	421668	428	0	0	0	0
FDE89_RS17925	30S ribosomal protein S12	NZ_CP040048.1	422672	422298	429	0	0	0	0
FDE89_RS17930	EcsC family protein	NZ_CP040048.1	424144	422873	430	0.0018	0	0	0
FDE89_RS17935	beta-ketoacyl-ACP synthase II	NZ_CP040048.1	424495	425724	431	0.001666666666666667	0	0	0
FDE89_RS17940	protoporphyrinogen oxidase HemJ	NZ_CP040048.1	425743	426195	432	0.0010666666666666667	0	0	0
FDE89_RS17945	pirin family protein	NZ_CP040048.1	426366	427226	433	0.0008666666666666667	0	0	0
FDE89_RS17950	hypothetical protein	NZ_CP040048.1	427317	427877	434	0.0006666666666666666	0	0.5	0
FDE89_RS17955	NAD+ synthase	NZ_CP040048.1	428262	429887	435	0.0005333333333333334	0	0	0
FDE89_RS17960	hypothetical protein	NZ_CP040048.1	429880	430908	436	0.0004	0	0.5	0
FDE89_RS17970	oxidoreductase	NZ_CP040048.1	432100	431186	437	0.0003333333333333333	0	0	0
FDE89_RS17975	NAD-dependent succinate-semialdehyde dehydrogenase	NZ_CP040048.1	433641	432190	438	0.0002	0	0	0
FDE89_RS17980	Rieske 2Fe-2S domain-containing protein	NZ_CP040048.1	434821	433706	439	0.0	0	0	0
FDE89_RS17985	alpha/beta hydrolase	NZ_CP040048.1	435838	434864	440	0.0	0	0	0
FDE89_RS17990	BCCT family carnitine transporter	NZ_CP040048.1	437502	435850	441	0.0	0	0	0
FDE89_RS17995	tartrate dehydrogenase	NZ_CP040048.1	438635	437523	442	6.666666666666667e-05	0	0	0
FDE89_RS18000	LysR family transcriptional regulator	NZ_CP040048.1	438739	439719	443	6.666666666666667e-05	0	0	0
FDE89_RS18005	hypothetical protein	NZ_CP040048.1	440956	439772	444	6.666666666666667e-05	0	0.5	0
FDE89_RS18020	YfhL family 4Fe-4S dicluster ferredoxin	NZ_CP040048.1	441892	441629	445	6.666666666666667e-05	0	0.5	0
FDE89_RS18025	pantetheine-phosphate adenylyltransferase	NZ_CP040048.1	442385	441894	446	6.666666666666667e-05	0	0	0
FDE89_RS18030	SsrA-binding protein SmpB	NZ_CP040048.1	442521	442996	447	6.666666666666667e-05	0	0	0
FDE89_RS18035	flavodoxin family protein	NZ_CP040048.1	443589	443038	448	6.666666666666667e-05	0	0	0
FDE89_RS18040	peptidoglycan editing factor PgeF	NZ_CP040048.1	444547	443810	449	6.666666666666667e-05	0	0	0
FDE89_RS18045	23S rRNA pseudouridine(1911/1915/1917) synthase RluD	NZ_CP040048.1	445610	444558	450	6.666666666666667e-05	0	0	0
FDE89_RS18050	outer membrane protein assembly factor BamD	NZ_CP040048.1	445682	446839	451	6.666666666666667e-05	0	0	0
FDE89_RS18055	DNA primase	NZ_CP040048.1	446998	448863	452	6.666666666666667e-05	0	0	0
FDE89_RS18060	glutamyl-tRNA reductase	NZ_CP040048.1	450143	448860	453	0.0006000000000000001	0	0	0
FDE89_RS18065	tetratricopeptide repeat protein	NZ_CP040048.1	450304	451940	454	0.0009333333333333334	0	0	0
FDE89_RS18070	lipoprotein insertase outer membrane protein LolB	NZ_CP040048.1	451945	452523	455	0.0016	0	0	0
FDE89_RS18075	4-(cytidine 5'-diphospho)-2-C-methyl-D-erythritol kinase	NZ_CP040048.1	452543	453376	456	0.002	0	0	0
FDE89_RS18100	ribose-phosphate pyrophosphokinase	NZ_CP040048.1	453850	454800	457	0.0022	0	0	0
FDE89_RS18105	50S ribosomal protein L25	NZ_CP040048.1	454900	455196	458	0	0	0	0
FDE89_RS18110	aminoacyl-tRNA hydrolase	NZ_CP040048.1	455217	455798	459	0.002266666666666667	0	0	0
FDE89_RS18115	aspartate 1-decarboxylase	NZ_CP040048.1	455930	456310	460	0.002266666666666667	0	0	0
FDE89_RS18120	GDYXXLXY domain-containing protein	NZ_CP040048.1	456926	456366	461	0.002266666666666667	0	0	0
FDE89_RS18125	DUF2157 domain-containing protein	NZ_CP040048.1	458708	456926	462	0.002266666666666667	0	0	0
FDE89_RS18130	3,4-dihydroxy-2-butanone-4-phosphate synthase	NZ_CP040048.1	459126	459785	463	0.002266666666666667	0	0	0
FDE89_RS18135	HAD-IA family hydrolase	NZ_CP040048.1	460524	459850	464	0.002266666666666667	0	0	0
FDE89_RS18140	hydroxymethylpyrimidine/phosphomethylpyrimidine kinase	NZ_CP040048.1	460622	461389	465	0.002266666666666667	0	0	0
FDE89_RS18145	peptidoglycan-binding protein LysM	NZ_CP040048.1	461908	461435	466	0.002266666666666667	0	0	0
FDE89_RS18150	acyl carrier protein	NZ_CP040048.1	462335	462099	467	0.002266666666666667	0	0	0
FDE89_RS18155	3-oxoacyl-ACP reductase FabG	NZ_CP040048.1	463154	462420	468	0.002266666666666667	0	0	0
FDE89_RS18160	ACP S-malonyltransferase	NZ_CP040048.1	464137	463151	469	0.002266666666666667	0	0	0
FDE89_RS18165	50S ribosomal protein L32	NZ_CP040048.1	464475	464290	470	0	0	0	0
FDE89_RS18170	DUF177 domain-containing protein	NZ_CP040048.1	465110	464550	471	0.002266666666666667	0	0	0
FDE89_RS18175	elongation factor P hydroxylase	NZ_CP040048.1	465297	465869	472	0.0022	0	0	0
FDE89_RS18180	threonylcarbamoyl-AMP synthase	NZ_CP040048.1	465959	466576	473	0.0022	0	0	0
FDE89_RS18185	segregation/condensation protein A	NZ_CP040048.1	466829	467596	474	0.0022	0	0	0
FDE89_RS18190	SMC-Scp complex subunit ScpB	NZ_CP040048.1	467593	468189	475	0.0022	0	0	0
FDE89_RS18195	23S rRNA pseudouridine(2605) synthase RluB	NZ_CP040048.1	468231	469154	476	0.0022	0	0	0
FDE89_RS18200	dethiobiotin synthase	NZ_CP040048.1	469862	469218	477	0.0022	0	0	0
FDE89_RS18205	malonyl-ACP O-methyltransferase BioC	NZ_CP040048.1	470612	469863	478	0.0022	0	0	0
FDE89_RS18210	8-amino-7-oxononanoate synthase	NZ_CP040048.1	471766	470609	479	0.0022	0	0	0
FDE89_RS18215	adenosylmethionine--8-amino-7-oxononanoate transaminase	NZ_CP040048.1	473048	471768	480	0.0022	0	0	0
FDE89_RS18220	hydrolase	NZ_CP040048.1	473873	473139	481	0.0022	0	0	0
FDE89_RS18225	trehalose-phosphatase	NZ_CP040048.1	474229	475080	482	0.0022	0	0	0
FDE89_RS18230	trehalose-6-phosphate synthase	NZ_CP040048.1	475104	476498	483	0.0016666666666666666	0	0	0
FDE89_RS18235	MFS transporter	NZ_CP040048.1	477759	476566	484	0.0013333333333333333	0	0	0
FDE89_RS18240	bacterioferritin	NZ_CP040048.1	478518	478054	485	0.0006666666666666668	0	0	0
FDE89_RS18245	NAD-dependent DNA ligase LigA	NZ_CP040048.1	480808	478772	486	0.0002666666666666667	0	0	0
FDE89_RS18250	cell division protein ZipA	NZ_CP040048.1	481940	480903	487	6.666666666666667e-05	0	0	0
FDE89_RS18255	chromosome segregation protein SMC	NZ_CP040048.1	485391	481942	488	0.0	0	0	0
FDE89_RS18260	GntR family transcriptional regulator	NZ_CP040048.1	486097	485402	489	0.0	0	0	0
FDE89_RS18265	sulfite exporter TauE/SafE family protein	NZ_CP040048.1	487149	486346	490	0.0	0	0	0
FDE89_RS18270	biotin--[acetyl-CoA-carboxylase] ligase	NZ_CP040048.1	487180	487932	491	0.0	0	0	0
FDE89_RS18275	pantothenate kinase	NZ_CP040048.1	487948	488682	492	0.0	0	0	0
FDE89_RS18280	signal recognition particle protein	NZ_CP040048.1	490141	488732	493	0.0	0	0	0
FDE89_RS18285	cytochrome c biogenesis protein CcsA	NZ_CP040048.1	490282	491091	494	0.0	0	0	0
FDE89_RS18290	tRNA-dihydrouridine synthase	NZ_CP040048.1	491197	492120	495	0	0	0	0
FDE89_RS18295	hypothetical protein	NZ_CP040048.1	493153	492200	496	0.0	0	0.5	0
FDE89_RS18300	hypothetical protein	NZ_CP040048.1	495765	493315	497	0.0	0	0.5	0
FDE89_RS18305	hypothetical protein	NZ_CP040048.1	496484	495759	498	0.0	0	0.5	0
FDE89_RS18310	hypothetical protein	NZ_CP040048.1	498531	496498	499	0.0	0	0.5	0
FDE89_RS18315	hypothetical protein	NZ_CP040048.1	500242	498764	500	0.00013333333333333334	0	0.5	0
FDE89_RS18325	dCTP deaminase	NZ_CP040048.1	501108	500539	501	0.0002	0	0	0
FDE89_RS18330	LysE family transporter	NZ_CP040048.1	501816	501223	502	0.0002	0	0	0
FDE89_RS18335	DUF2062 domain-containing protein	NZ_CP040048.1	502173	502739	503	0.0002	0	0	0
FDE89_RS18340	5'-methylthioadenosine/S-adenosylhomocysteine nucleosidase	NZ_CP040048.1	503642	502770	504	0.0002666666666666667	0	0	0
FDE89_RS18350	iron-sulfur cluster carrier protein ApbC	NZ_CP040048.1	505017	503788	505	0.0006000000000000001	0	0	0
FDE89_RS18355	hypothetical protein	NZ_CP040048.1	505663	505163	506	0.0010666666666666667	0	0.5	0
FDE89_RS18360	methionine--tRNA ligase	NZ_CP040048.1	505950	508013	507	0.0010666666666666667	0	0	0
FDE89_RS18365	NF038215 family lipoprotein	NZ_CP040048.1	508271	508143	508	0.0012000000000000001	0	0	0
FDE89_RS18370	LysE family translocator	NZ_CP040048.1	509117	508494	509	0.0012666666666666668	0	0	0
FDE89_RS18375	TetR/AcrR family transcriptional regulator	NZ_CP040048.1	509296	509865	510	0.0013333333333333335	0	0	0
FDE89_RS18380	MFS transporter	NZ_CP040048.1	509862	511505	511	0.0013333333333333335	0	0	0
FDE89_RS18385	HlyD family secretion protein	NZ_CP040048.1	511546	512679	512	0.0013333333333333335	0	0	0
FDE89_RS18390	1-aminocyclopropane-1-carboxylate deaminase/D-cysteine desulfhydrase	NZ_CP040048.1	512746	513627	513	0.0015333333333333336	0	0	0
FDE89_RS18395	NAD(P)/FAD-dependent oxidoreductase	NZ_CP040048.1	513745	514944	514	0.0016000000000000003	0	0	0
FDE89_RS18400	hypothetical protein	NZ_CP040048.1	515127	514957	515	0.0017333333333333335	0	0.5	0
FDE89_RS18405	mechanosensitive ion channel	NZ_CP040048.1	516932	515256	516	0.0018666666666666669	0	0	0
FDE89_RS18410	hypothetical protein	NZ_CP040048.1	517387	517160	517	0.0018666666666666669	0	0.5	0
FDE89_RS18415	hypothetical protein	NZ_CP040048.1	517680	518099	518	0.0018666666666666669	0	0.5	0
FDE89_RS18420	ferredoxin--NADP reductase	NZ_CP040048.1	518908	518147	519	0.0018666666666666669	0	0	0
FDE89_RS18425	LysR family transcriptional regulator GigC	NZ_CP040048.1	518995	519882	520	0.0018666666666666669	0	0	0
FDE89_RS18430	cold shock domain-containing protein	NZ_CP040048.1	520195	519902	521	0.0018666666666666669	0	0	0
FDE89_RS18435	uracil phosphoribosyltransferase	NZ_CP040048.1	520947	520312	522	0.0018666666666666669	0	0	0
FDE89_RS18440	NADH-quinone oxidoreductase subunit NuoN	NZ_CP040048.1	522543	521047	523	0.0018666666666666669	0	0	0
FDE89_RS18445	NADH-quinone oxidoreductase subunit M	NZ_CP040048.1	524144	522546	524	0.0019333333333333336	0	0	0
FDE89_RS18450	NADH-quinone oxidoreductase subunit L	NZ_CP040048.1	526035	524146	525	0.0022	0	0	0
FDE89_RS18455	NADH-quinone oxidoreductase subunit NuoK	NZ_CP040048.1	526340	526032	526	0.0022	0	0	0
FDE89_RS18460	NADH-quinone oxidoreductase subunit J	NZ_CP040048.1	526858	526340	527	0.0022	0	0	0
FDE89_RS18465	NADH-quinone oxidoreductase subunit NuoI	NZ_CP040048.1	527400	526858	528	0.0022	0	0	0
FDE89_RS18470	NADH-quinone oxidoreductase subunit NuoH	NZ_CP040048.1	528435	527419	529	0.0022	0	0	0
FDE89_RS18475	NADH-quinone oxidoreductase subunit NuoG	NZ_CP040048.1	531123	528439	530	0.0020666666666666667	0	0	0
FDE89_RS18480	NADH-quinone oxidoreductase subunit NuoF	NZ_CP040048.1	532466	531135	531	0.002	0	0	0
FDE89_RS18485	NADH-quinone oxidoreductase subunit NuoE	NZ_CP040048.1	532972	532463	532	0.002	0	0	0
FDE89_RS18490	NADH-quinone oxidoreductase subunit C/D	NZ_CP040048.1	534773	532986	533	0.002	0	0	0
FDE89_RS18495	NADH-quinone oxidoreductase subunit B	NZ_CP040048.1	535535	534858	534	0.0019333333333333333	0	0	0
FDE89_RS18500	NADH-quinone oxidoreductase subunit A	NZ_CP040048.1	536021	535542	535	0.0016000000000000003	0	0	0
FDE89_RS18505	sensor domain-containing diguanylate cyclase	NZ_CP040048.1	536521	537942	536	0.0011333333333333334	0	0	0
FDE89_RS18510	hypothetical protein	NZ_CP040048.1	538089	538388	537	0.0011333333333333334	0	0.5	0
FDE89_RS18515	sensor histidine kinase BfmS	NZ_CP040048.1	540003	538411	538	0.001	0	0	0
FDE89_RS18520	response regulator transcription factor BfmR	NZ_CP040048.1	540809	540093	539	0.0009333333333333334	0	0	0
FDE89_RS18525	hypothetical protein	NZ_CP040048.1	541012	540806	540	0.0008666666666666667	0	0.5	0
FDE89_RS18530	ribonucleoside-diphosphate reductase subunit alpha	NZ_CP040048.1	541342	544176	541	0.0008666666666666667	0	0	0
FDE89_RS18535	hypothetical protein	NZ_CP040048.1	544232	544366	542	0.0008666666666666667	0	0.5	0
FDE89_RS18540	ribonucleotide-diphosphate reductase subunit beta	NZ_CP040048.1	544504	545787	543	0.0006666666666666666	0	0	0
FDE89_RS18545	chromate transporter	NZ_CP040048.1	546036	546317	544	0.0006000000000000001	0	0	0
FDE89_RS18550	sensor histidine kinase	NZ_CP040048.1	546593	548932	545	0.00046666666666666666	0	0	0
FDE89_RS18555	hypothetical protein	NZ_CP040048.1	548934	550847	546	0.0003333333333333333	0	0.5	0
FDE89_RS18560	phosphoadenosine phosphosulfate reductase family protein	NZ_CP040048.1	551692	550850	547	0.0003333333333333333	0	0	0
FDE89_RS18565	hypothetical protein	NZ_CP040048.1	554997	551689	548	0.0003333333333333333	0	0.5	0
FDE89_RS18570	DUF4007 family protein	NZ_CP040048.1	555934	554990	549	0.0003333333333333333	0	0	0
FDE89_RS18575	DNA-binding protein	NZ_CP040048.1	556263	556490	550	0.0003333333333333333	0	0	0
FDE89_RS18580	TnsA endonuclease N-terminal domain-containing protein	NZ_CP040048.1	556697	557398	551	0.0003333333333333333	0	0	0
FDE89_RS18585	DDE-type integrase/transposase/recombinase	NZ_CP040048.1	557400	559286	552	0.0003333333333333333	0	1.5	0
FDE89_RS18590	TniB family NTP-binding protein	NZ_CP040048.1	559279	560229	553	0.0003333333333333333	0	0	0
FDE89_RS18595	TniQ family protein	NZ_CP040048.1	560229	562235	554	0.0002666666666666667	0	0	0
FDE89_RS18600	hypothetical protein	NZ_CP040048.1	562489	562310	555	0.0	0	0.5	0
FDE89_RS18605	hypothetical protein	NZ_CP040048.1	562813	563325	556	0.0	0	0.5	0
FDE89_RS18610	hypothetical protein	NZ_CP040048.1	564326	563322	557	0.0	0	0.5	0
FDE89_RS18615	hypothetical protein	NZ_CP040048.1	565326	564982	558	0.0	0	0.5	0
FDE89_RS18620	membrane-bound PQQ-dependent dehydrogenase, glucose/quinate/shikimate family	NZ_CP040048.1	565631	568042	559	0.0	0	0	0
FDE89_RS18625	hypothetical protein	NZ_CP040048.1	569072	568227	560	0.0	0	0.5	0
FDE89_RS18630	hypothetical protein	NZ_CP040048.1	569471	569112	561	0.0	0	0.5	0
FDE89_RS18635	hypothetical protein	NZ_CP040048.1	570536	573460	562	0.0	0	0.5	0
FDE89_RS18640	PhzF family isomerase	NZ_CP040048.1	574668	573775	563	0.0	0	0	0
FDE89_RS18645	LysR family transcriptional regulator	NZ_CP040048.1	574893	575756	564	0.0	0	0	0
FDE89_RS18655	restriction endonuclease	NZ_CP040048.1	579024	576338	565	0.0	0	0	0
FDE89_RS18660	TetR/AcrR family transcriptional regulator	NZ_CP040048.1	579754	579200	566	0.0	0	0	0
FDE89_RS18670	flavin reductase	NZ_CP040048.1	580928	580437	567	0.0	0	0	0
FDE89_RS18675	methionine synthase	NZ_CP040048.1	582157	581114	568	0.0	0	0	0
FDE89_RS18680	DUF1852 domain-containing protein	NZ_CP040048.1	583165	582179	569	0.0	0	0	0
FDE89_RS18685	LysR family transcriptional regulator	NZ_CP040048.1	584404	583532	570	0.0	0	0	0
FDE89_RS18690	LysE family translocator	NZ_CP040048.1	584660	585268	571	0.0	0	0	0
FDE89_RS18695	fatty acid desaturase	NZ_CP040048.1	586395	585370	572	0.0	0	0	0
FDE89_RS18700	AraC family transcriptional regulator	NZ_CP040048.1	586611	587618	573	0.0	0	0	0
FDE89_RS18705	amidohydrolase	NZ_CP040048.1	589042	587675	574	0.0	0	0	0
FDE89_RS18710	long-chain fatty acid transporter	NZ_CP040048.1	590461	589076	575	0.0	0	0	0
FDE89_RS18715	LysR family transcriptional regulator	NZ_CP040048.1	590761	591690	576	0.0	0	0	0
FDE89_RS18725	MFS transporter	NZ_CP040048.1	591969	593279	577	0.0	0	0	0
FDE89_RS18730	extracellular solute-binding protein	NZ_CP040048.1	593393	594166	578	0.0	0	0	0
FDE89_RS18735	LysR family transcriptional regulator	NZ_CP040048.1	594299	595228	579	0.0	0	0	0
FDE89_RS18740	FAD-dependent tricarballylate dehydrogenase TcuA	NZ_CP040048.1	595332	596738	580	0.0	0	0	0
FDE89_RS18745	tricarballylate utilization 4Fe-4S protein TcuB	NZ_CP040048.1	596728	597861	581	0.0	0	0	0
FDE89_RS18750	CoA transferase	NZ_CP040048.1	599195	597966	582	0.0	0	0	0
FDE89_RS18755	MFS transporter	NZ_CP040048.1	600570	599248	583	0.0	0	0	0
FDE89_RS18760	acyl-CoA dehydrogenase	NZ_CP040048.1	602016	600796	584	0.0	0	0	0
FDE89_RS18765	LysR family transcriptional regulator	NZ_CP040048.1	602262	603209	585	0.0	0	0	0
FDE89_RS18770	zinc-binding dehydrogenase	NZ_CP040048.1	604489	603314	586	0.0	0	0	0
FDE89_RS18775	adenosine deaminase	NZ_CP040048.1	604891	605886	587	0.0003333333333333333	0	0	0
FDE89_RS18805	quinolinate synthase NadA	NZ_CP040048.1	607809	606745	588	0.0003333333333333333	0	0	0
FDE89_RS18810	bifunctional glutamate N-acetyltransferase/amino-acid acetyltransferase ArgJ	NZ_CP040048.1	609176	607956	589	0.0003333333333333333	0	0	0
FDE89_RS18815	methylated-DNA--[protein]-cysteine S-methyltransferase	NZ_CP040048.1	609792	609313	590	0.0003333333333333333	0	0	0
FDE89_RS18820	multidrug efflux SMR transporter	NZ_CP040048.1	610124	609804	591	0.0003333333333333333	0	0	0
FDE89_RS18825	cation diffusion facilitator family transporter	NZ_CP040048.1	611065	610274	592	0.0003333333333333333	0	0	0
FDE89_RS18830	copper resistance protein B	NZ_CP040048.1	612026	611298	593	0.0003333333333333333	0	0	0
FDE89_RS18835	copper resistance system multicopper oxidase	NZ_CP040048.1	613974	612040	594	0.0003333333333333333	0	0	0
FDE89_RS18840	hypothetical protein	NZ_CP040048.1	614410	614015	595	0.0003333333333333333	0	0.5	0
FDE89_RS18845	Cof-type HAD-IIB family hydrolase	NZ_CP040048.1	615333	614512	596	0.0003333333333333333	0	0	0
FDE89_RS18850	ribulose-phosphate 3-epimerase	NZ_CP040048.1	616376	615690	597	0.0003333333333333333	0	0	0
FDE89_RS18855	DUF2218 domain-containing protein	NZ_CP040048.1	616561	616833	598	0.0003333333333333333	0	0	0
FDE89_RS18860	S-formylglutathione hydrolase	NZ_CP040048.1	617684	616839	599	0.0003333333333333333	0	0	0
FDE89_RS18865	hypothetical protein	NZ_CP040048.1	619104	617653	600	0.0003333333333333333	0	0.5	0
FDE89_RS18870	class I SAM-dependent methyltransferase	NZ_CP040048.1	620032	619241	601	0.0003333333333333333	0	0	0
FDE89_RS18875	tRNA (adenosine(37)-N6)-threonylcarbamoyltransferase complex dimerization subunit type 1 TsaB	NZ_CP040048.1	620709	620044	602	0.0003333333333333333	0	0	0
FDE89_RS18880	gamma carbonic anhydrase family protein	NZ_CP040048.1	621369	620842	603	0.0003333333333333333	0	0	0
FDE89_RS18885	CoA pyrophosphatase	NZ_CP040048.1	622018	621392	604	0.0003333333333333333	0	0	0
FDE89_RS18890	NUDIX hydrolase	NZ_CP040048.1	622133	622681	605	0.0003333333333333333	0	0	0
FDE89_RS18895	hypothetical protein	NZ_CP040048.1	624686	622737	606	0.0003333333333333333	0	0.5	0
FDE89_RS18900	putative pilus assembly protein FilE	NZ_CP040048.1	626037	624706	607	0.0003333333333333333	0	0	0
FDE89_RS18905	IS4 family transposase	NZ_CP040048.1	626189	627277	608	0.0003333333333333333	0	0.75	0
FDE89_RS18910	outer membrane protein transport protein	NZ_CP040048.1	628881	627298	609	0.0003333333333333333	0	0	0
FDE89_RS18915	hypothetical protein	NZ_CP040048.1	630054	628894	610	0.0005333333333333334	0	0.5	0
FDE89_RS18920	C39 family peptidase	NZ_CP040048.1	630953	630120	611	0.0005333333333333334	0	0	0
FDE89_RS18925	protein FilA	NZ_CP040048.1	632093	631254	612	0.0006000000000000001	0	0	0
FDE89_RS18930	anthranilate synthase component I family protein	NZ_CP040048.1	632451	633806	613	0.0006666666666666668	0	0	0
FDE89_RS18935	histidinol-phosphate transaminase	NZ_CP040048.1	634895	633810	614	0.0012666666666666668	0	0	0
FDE89_RS18940	histidinol dehydrogenase	NZ_CP040048.1	636254	634965	615	0.0018000000000000002	0	0	0
FDE89_RS18945	ATP phosphoribosyltransferase	NZ_CP040048.1	637043	636360	616	0.0018000000000000002	0	0	0
FDE89_RS18950	UDP-N-acetylglucosamine 1-carboxyvinyltransferase	NZ_CP040048.1	638299	637043	617	0.0016	0	0	0
FDE89_RS18955	BolA family iron metabolism protein IbaG	NZ_CP040048.1	638557	638306	618	0.0022	0	0	0
FDE89_RS18960	ribosome-associated translation inhibitor RaiA	NZ_CP040048.1	639035	638697	619	0.0029333333333333334	0	0	0
FDE89_RS18965	RNA polymerase factor sigma-54	NZ_CP040048.1	640679	639204	620	0.004866666666666667	0	0	0
FDE89_RS18980	VacJ family lipoprotein	NZ_CP040048.1	644601	645030	621	0.0050344827586206896	0	0	0
FDE89_RS18985	SpoIIE family protein phosphatase	NZ_CP040048.1	645212	646023	622	0.005214285714285714	0	0	0
FDE89_RS18990	anti-anti-sigma factor GigB	NZ_CP040048.1	646126	646659	623	0.005407407407407407	0	0	0
FDE89_RS18995	carbon-nitrogen hydrolase family protein	NZ_CP040048.1	646673	647494	624	0.005615384615384615	0	0	0
FDE89_RS19000	DUF4951 domain-containing protein	NZ_CP040048.1	647509	647886	625	0.00584	0	0	0
FDE89_RS19005	MarR family transcriptional regulator	NZ_CP040048.1	648046	648446	626	0.006083333333333333	0	0	0
FDE89_RS19010	OsmC family protein	NZ_CP040048.1	648540	648743	627	0.006347826086956521	0	0	0
FDE89_RS19015	type II secretion system ATPase GspE	NZ_CP040048.1	650279	648790	628	0.0066363636363636356	0	0	0
FDE89_RS19020	hypothetical protein	NZ_CP040048.1	650380	650658	629	0.006952380952380952	0	0.5	0
FDE89_RS19025	mechanosensitive ion channel family protein	NZ_CP040048.1	650664	651553	630	0.007299999999999999	0	0	0
FDE89_RS19030	DUF2339 domain-containing protein	NZ_CP040048.1	653643	651543	631	0.007684210526315789	0	0	0
FDE89_RS19035	IS4 family transposase	NZ_CP040048.1	654127	653627	632	0.00811111111111111	0	0.75	0
FDE89_RS19040	hypothetical protein	NZ_CP040048.1	654591	656360	633	0.008588235294117647	0	0.5	0
FDE89_RS19045	YggT family protein	NZ_CP040048.1	656969	656420	634	0.009125	0	0.5	0
FDE89_RS19050	TilS substrate-binding domain-containing protein	NZ_CP040048.1	657541	657016	635	0.009733333333333333	0	0	0
